id,pid,shortname,name,level,pinyin,code,zip_code,first,lng,lat
2,1,北京,北京市,2,beijing,10,100000,B,116.405285,39.904989
20,19,天津,天津市,2,tianjin,22,300000,T,117.190182,39.125596
38,37,石家庄,石家庄市,2,shijiazhuang,311,50011,S,114.502461,38.045474
61,37,唐山,唐山市,2,tangshan,315,63000,T,118.175393,39.635113
76,37,秦皇岛,秦皇岛市,2,qinhuangdao,335,66000,Q,119.586579,39.942531
84,37,邯郸,邯郸市,2,handan,310,56002,H,114.490686,36.612273
104,37,邢台,邢台市,2,xingtai,319,54001,X,114.508851,37.0682
124,37,保定,保定市,2,baoding,312,71052,B,115.482331,38.867657
150,37,张家口,张家口市,2,zhangjiakou,313,75000,Z,114.884091,40.811901
168,37,承德,承德市,2,chengde,314,67000,C,117.939152,40.976204
180,37,沧州,沧州市,2,cangzhou,317,61001,C,116.857461,38.310582
197,37,廊坊,廊坊市,2,langfang,316,65000,L,116.713873,39.529244
208,37,衡水,衡水市,2,hengshui,318,53000,H,115.665993,37.735097
221,220,太原,太原市,2,taiyuan,351,30082,T,112.549248,37.857014
232,220,大同,大同市,2,datong,352,37008,D,113.295259,40.09031
244,220,阳泉,阳泉市,2,yangquan,353,45000,Y,113.583285,37.861188
250,220,长治,长治市,2,changzhi,355,46000,C,113.113556,36.191112
264,220,晋城,晋城市,2,jincheng,356,48000,J,112.851274,35.497553
271,220,朔州,朔州市,2,shuozhou,349,38500,S,112.433387,39.331261
278,220,晋中,晋中市,2,jinzhong,354,30600,J,112.736465,37.696495
290,220,运城,运城市,2,yuncheng,359,44000,Y,111.003957,35.022778
304,220,忻州,忻州市,2,xinzhou,350,34000,X,112.733538,38.41769
319,220,临汾,临汾市,2,linfen,357,41000,L,111.517973,36.08415
337,220,吕梁,吕梁市,2,lvliang,358,33000,L,111.134335,37.524366
352,351,呼和浩特,呼和浩特市,2,hohhot,471,10000,H,111.670801,40.818311
362,351,包头,包头市,2,baotou,472,14025,B,109.840405,40.658168
372,351,乌海,乌海市,2,wuhai,473,16000,W,106.825563,39.673734
376,351,赤峰,赤峰市,2,chifeng,476,24000,C,118.956806,42.275317
389,351,通辽,通辽市,2,tongliao,475,28000,T,122.263119,43.617429
398,351,鄂尔多斯,鄂尔多斯市,2,ordos,477,17004,E,109.99029,39.817179
407,351,呼伦贝尔,呼伦贝尔市,2,hulunber,470,21008,H,119.758168,49.215333
422,351,巴彦淖尔,巴彦淖尔市,2,bayannur,478,15001,B,107.416959,40.757402
430,351,乌兰察布,乌兰察布市,2,ulanqab,474,12000,W,113.114543,41.034126
442,351,兴安盟,兴安盟,2,hinggan,482,137401,X,122.070317,46.076268
449,351,锡林郭勒盟,锡林郭勒盟,2,xilingol,479,26000,X,116.090996,43.944018
462,351,阿拉善盟,阿拉善盟,2,alxa,483,750306,A,105.706422,38.844814
467,466,沈阳,沈阳市,2,shenyang,24,110013,S,123.429096,41.796767
481,466,大连,大连市,2,dalian,411,116011,D,121.618622,38.91459
492,466,鞍山,鞍山市,2,anshan,412,114001,A,122.995632,41.110626
500,466,抚顺,抚顺市,2,fushun,24,113008,F,123.921109,41.875956
508,466,本溪,本溪市,2,benxi,414,117000,B,123.770519,41.297909
515,466,丹东,丹东市,2,dandong,415,118000,D,124.383044,40.124296
522,466,锦州,锦州市,2,jinzhou,416,121000,J,121.135742,41.119269
530,466,营口,营口市,2,yingkou,417,115003,Y,122.235151,40.667432
537,466,阜新,阜新市,2,fuxin,418,123000,F,121.648962,42.011796
545,466,辽阳,辽阳市,2,liaoyang,419,111000,L,123.18152,41.269402
553,466,盘锦,盘锦市,2,panjin,427,124010,P,122.06957,41.124484
558,466,铁岭,铁岭市,2,tieling,24,112000,T,123.844279,42.290585
566,466,朝阳,朝阳市,2,chaoyang,421,122000,C,120.451176,41.576758
574,466,葫芦岛,葫芦岛市,2,huludao,429,125000,H,120.856394,40.755572
581,466,金普新区,金普新区,2,jinpuxinqu,411,116100,J,121.789627,39.055451
586,585,长春,长春市,2,changchun,431,130022,C,125.3245,43.886841
597,585,吉林,吉林市,2,jilin,432,132011,J,126.55302,43.843577
607,585,四平,四平市,2,siping,434,136000,S,124.370785,43.170344
614,585,辽源,辽源市,2,liaoyuan,437,136200,L,125.145349,42.902692
619,585,通化,通化市,2,tonghua,435,134001,T,125.936501,41.721177
627,585,白山,白山市,2,baishan,439,134300,B,126.427839,41.942505
634,585,松原,松原市,2,songyuan,438,138000,S,124.823608,45.118243
640,585,白城,白城市,2,baicheng,436,137000,B,122.841114,45.619026
646,585,延边,延边朝鲜族自治州,2,yanbian,433,133000,Y,129.513228,42.904823
656,655,哈尔滨,哈尔滨市,2,harbin,451,150010,H,126.642464,45.756967
675,655,齐齐哈尔,齐齐哈尔市,2,qiqihar,452,161005,Q,123.953486,47.348079
692,655,鸡西,鸡西市,2,jixi,467,158100,J,130.975966,45.300046
702,655,鹤岗,鹤岗市,2,hegang,468,154100,H,130.277487,47.332085
711,655,双鸭山,双鸭山市,2,shuangyashan,469,155100,S,131.157304,46.643442
720,655,大庆,大庆市,2,daqing,459,163000,D,125.11272,46.590734
730,655,伊春,伊春市,2,yichun,458,153000,Y,128.899396,47.724775
748,655,佳木斯,佳木斯市,2,jiamusi,454,154002,J,130.361634,46.809606
759,655,七台河,七台河市,2,qitaihe,464,154600,Q,131.015584,45.771266
764,655,牡丹江,牡丹江市,2,mudanjiang,453,157000,M,129.618602,44.582962
775,655,黑河,黑河市,2,heihe,456,164300,H,127.499023,50.249585
782,655,绥化,绥化市,2,suihua,455,152000,S,126.99293,46.637393
793,655,大兴安岭,大兴安岭地区,2,daxinganling,457,165000,D,124.711526,52.335262
802,801,上海,上海市,2,shanghai,21,200000,S,121.472644,31.231706
821,820,南京,南京市,2,nanjing,25,210008,N,118.767413,32.041544
833,820,无锡,无锡市,2,wuxi,510,214000,W,120.301663,31.574729
842,820,徐州,徐州市,2,xuzhou,516,221003,X,117.184811,34.261792
853,820,常州,常州市,2,changzhou,519,213000,C,119.946973,31.772752
861,820,苏州,苏州市,2,suzhou,512,215002,S,120.619585,31.299379
871,820,南通,南通市,2,nantong,513,226001,N,120.864608,32.016212
880,820,连云港,连云港市,2,lianyungang,518,222002,L,119.178821,34.600018
887,820,淮安,淮安市,2,huai'an,517,223001,H,119.021265,33.597506
896,820,盐城,盐城市,2,yancheng,515,224005,Y,120.139998,33.377631
906,820,扬州,扬州市,2,yangzhou,514,225002,Y,119.421003,32.393159
913,820,镇江,镇江市,2,zhenjiang,511,212004,Z,119.452753,32.204402
920,820,泰州,泰州市,2,taizhou,523,225300,T,119.915176,32.484882
927,820,宿迁,宿迁市,2,suqian,527,223800,S,118.293328,33.945154
934,933,杭州,杭州市,2,hangzhou,571,310026,H,120.153576,30.287459
948,933,宁波,宁波市,2,ningbo,574,315000,N,121.549792,29.868388
960,933,温州,温州市,2,wenzhou,577,325000,W,120.672111,28.000575
972,933,嘉兴,嘉兴市,2,jiaxing,573,314000,J,120.750865,30.762653
980,933,湖州,湖州市,2,huzhou,572,313000,H,120.102398,30.867198
986,933,绍兴,绍兴市,2,shaoxing,575,312000,S,120.582112,29.997117
993,933,金华,金华市,2,jinhua,579,321000,J,119.649506,29.089524
1003,933,衢州,衢州市,2,quzhou,570,324002,,118.87263,28.941708
1010,933,舟山,舟山市,2,zhoushan,580,316000,Z,122.106863,30.016028
1015,933,台州,台州市,2,taizhou,576,318000,T,121.428599,28.661378
1025,933,丽水,丽水市,2,lishui,578,323000,L,119.921786,28.451993
1035,933,舟山新区,舟山群岛新区,2,zhoushan,580,316000,Z,122.317657,29.813242
1047,1046,合肥,合肥市,2,hefei,551,230001,H,117.283042,31.86119
1057,1046,芜湖,芜湖市,2,wuhu,551,241000,W,118.376451,31.326319
1066,1046,蚌埠,蚌埠市,2,bengbu,552,233000,B,117.36237,32.934037
1074,1046,淮南,淮南市,2,huainan,554,232001,H,117.025449,32.645947
1081,1046,马鞍山,马鞍山市,2,ma'anshan,555,243001,M,118.507906,31.689362
1088,1046,淮北,淮北市,2,huaibei,561,235000,H,116.794664,33.971707
1093,1046,铜陵,铜陵市,2,tongling,562,244000,T,117.816576,30.929935
1098,1046,安庆,安庆市,2,anqing,556,246001,A,117.053571,30.524816
1110,1046,黄山,黄山市,2,huangshan,559,245000,H,118.317325,29.709239
1118,1046,滁州,滁州市,2,chuzhou,550,239000,C,118.316264,32.303627
1127,1046,阜阳,阜阳市,2,fuyang,558,236033,F,115.819729,32.896969
1136,1046,宿州,宿州市,2,suzhou,557,234000,S,116.984084,33.633891
1142,1046,六安,六安市,2,lu'an,564,237000,L,116.507676,31.752889
1150,1046,亳州,亳州市,2,bozhou,558,236802,,115.782939,33.869338
1155,1046,池州,池州市,2,chizhou,566,247100,C,117.489157,30.656037
1160,1046,宣城,宣城市,2,xuancheng,563,242000,X,118.757995,30.945667
1169,1168,福州,福州市,2,fuzhou,591,350001,F,119.306239,26.075302
1183,1168,厦门,厦门市,2,xiamen,592,361003,X,118.11022,24.490474
1190,1168,莆田,莆田市,2,putian,594,351100,P,119.007558,25.431011
1196,1168,三明,三明市,2,sanming,598,365000,S,117.635001,26.265444
1209,1168,泉州,泉州市,2,quanzhou,595,362000,Q,118.589421,24.908853
1222,1168,漳州,漳州市,2,zhangzhou,596,363005,Z,117.661801,24.510897
1234,1168,南平,南平市,2,nanping,599,353000,N,118.178459,26.635627
1245,1168,龙岩,龙岩市,2,longyan,597,364000,L,117.02978,25.091603
1253,1168,宁德,宁德市,2,ningde,593,352100,N,119.527082,26.65924
1264,1263,南昌,南昌市,2,nanchang,791,330008,N,115.892151,28.676493
1274,1263,景德镇,景德镇市,2,jingdezhen,798,333000,J,117.214664,29.29256
1279,1263,萍乡,萍乡市,2,pingxiang,799,337000,P,113.852186,27.622946
1285,1263,九江,九江市,2,jiujiang,792,332000,J,115.992811,29.712034
1299,1263,新余,新余市,2,xinyu,790,338025,X,114.930835,27.810834
1302,1263,鹰潭,鹰潭市,2,yingtan,701,335000,Y,117.033838,28.238638
1306,1263,赣州,赣州市,2,ganzhou,797,341000,G,114.940278,25.85097
1325,1263,吉安,吉安市,2,ji'an,796,343000,J,114.986373,27.111699
1339,1263,宜春,宜春市,2,yichun,795,336000,Y,114.391136,27.8043
1350,1263,抚州,抚州市,2,fuzhou,794,344000,F,116.358351,27.98385
1362,1263,上饶,上饶市,2,shangrao,793,334000,S,117.971185,28.44442
1376,1375,济南,济南市,2,jinan,531,250001,J,117.000923,36.675807
1387,1375,青岛,青岛市,2,qingdao,532,266001,Q,120.369557,36.094406
1399,1375,淄博,淄博市,2,zibo,533,255039,Z,118.047648,36.814939
1408,1375,枣庄,枣庄市,2,zaozhuang,632,277101,Z,117.557964,34.856424
1415,1375,东营,东营市,2,dongying,546,257093,D,118.4963,37.461266
1421,1375,烟台,烟台市,2,yantai,635,264010,Y,121.391382,37.539297
1434,1375,潍坊,潍坊市,2,weifang,536,261041,W,119.107078,36.70925
1447,1375,济宁,济宁市,2,jining,537,272119,J,116.587245,35.415393
1459,1375,泰安,泰安市,2,tai'an,538,271000,T,117.129063,36.194968
1466,1375,威海,威海市,2,weihai,631,264200,W,122.116394,37.509691
1471,1375,日照,日照市,2,rizhao,633,276800,R,119.461208,35.428588
1476,1375,莱芜,莱芜市,2,laiwu,634,271100,L,117.677736,36.214397
1479,1375,临沂,临沂市,2,linyi,539,253000,L,118.326443,35.065282
1492,1375,德州,德州市,2,dezhou,534,253000,D,116.307428,37.453968
1504,1375,聊城,聊城市,2,liaocheng,635,252052,L,115.980367,36.456013
1513,1375,滨州,滨州市,2,binzhou,543,256619,B,118.016974,37.383542
1522,1375,菏泽,菏泽市,2,heze,530,274020,H,115.469381,35.246531
1533,1532,郑州,郑州市,2,zhengzhou,371,450000,Z,113.665412,34.757975
1546,1532,开封,开封市,2,kaifeng,378,475001,K,114.341447,34.797049
1556,1532,洛阳,洛阳市,2,luoyang,379,471000,L,112.434468,34.663041
1572,1532,平顶山,平顶山市,2,pingdingshan,375,467000,P,113.307718,33.735241
1583,1532,安阳,安阳市,2,anyang,372,455000,A,114.352482,36.103442
1593,1532,鹤壁,鹤壁市,2,hebi,392,458030,H,114.295444,35.748236
1599,1532,新乡,新乡市,2,xinxiang,373,453000,X,113.883991,35.302616
1612,1532,焦作,焦作市,2,jiaozuo,391,454002,J,113.238266,35.23904
1623,1532,濮阳,濮阳市,2,puyang,393,457000,,115.041299,35.768234
1630,1532,许昌,许昌市,2,xuchang,374,461000,X,113.826063,34.022956
1637,1532,漯河,漯河市,2,luohe,395,462000,,114.026405,33.575855
1643,1532,三门峡,三门峡市,2,sanmenxia,398,472000,S,111.194099,34.777338
1650,1532,南阳,南阳市,2,nanyang,377,473002,N,112.540918,32.999082
1664,1532,商丘,商丘市,2,shangqiu,370,476000,S,115.650497,34.437054
1674,1532,信阳,信阳市,2,xinyang,376,464000,X,114.075031,32.123274
1685,1532,周口,周口市,2,zhoukou,394,466000,Z,114.649653,33.620357
1696,1532,驻马店,驻马店市,2,zhumadian,396,463000,Z,114.024736,32.980169
1707,1532, ,直辖县级,2,,,,Z,113.665412,34.757975
1710,1709,武汉,武汉市,2,wuhan,,430014,W,114.298572,30.584355
1724,1709,黄石,黄石市,2,huangshi,714,435003,H,115.077048,30.220074
1731,1709,十堰,十堰市,2,shiyan,719,442000,S,110.785239,32.647017
1740,1709,宜昌,宜昌市,2,yichang,717,443000,Y,111.290843,30.702636
1754,1709,襄阳,襄阳市,2,xiangyang,710,441021,X,112.144146,32.042426
1764,1709,鄂州,鄂州市,2,ezhou,711,436000,E,114.890593,30.396536
1768,1709,荆门,荆门市,2,jingmen,724,448000,J,112.204251,31.03542
1774,1709,孝感,孝感市,2,xiaogan,712,432100,X,113.926655,30.926423
1782,1709,荆州,荆州市,2,jingzhou,716,434000,J,112.23813,30.326857
1791,1709,黄冈,黄冈市,2,huanggang,713,438000,H,114.879365,30.447711
1802,1709,咸宁,咸宁市,2,xianning,715,437000,X,114.328963,29.832798
1809,1709,随州,随州市,2,suizhou,722,441300,S,113.37377,31.717497
1813,1709,恩施,恩施土家族苗族自治州,2,enshi,718,445000,E,109.48699,30.283114
1822,1709, ,直辖县级,2,,,,Z,114.298572,30.584355
1828,1827,长沙,长沙市,2,changsha,731,410005,C,112.982279,28.19409
1838,1827,株洲,株洲市,2,zhuzhou,731,412000,Z,113.151737,27.835806
1848,1827,湘潭,湘潭市,2,xiangtan,731,411100,X,112.925083,27.846725
1854,1827,衡阳,衡阳市,2,hengyang,734,421001,H,112.607693,26.900358
1867,1827,邵阳,邵阳市,2,shaoyang,739,422000,S,111.46923,27.237842
1880,1827,岳阳,岳阳市,2,yueyang,730,414000,Y,113.132855,29.37029
1890,1827,常德,常德市,2,changde,736,415000,C,111.691347,29.040225
1900,1827,张家界,张家界市,2,zhangjiajie,744,427000,Z,110.479921,29.127401
1905,1827,益阳,益阳市,2,yiyang,737,413000,Y,112.355042,28.570066
1912,1827,郴州,郴州市,2,chenzhou,735,423000,C,113.032067,25.793589
1924,1827,永州,永州市,2,yongzhou,746,425000,Y,111.608019,26.434516
1936,1827,怀化,怀化市,2,huaihua,745,418000,H,109.97824,27.550082
1949,1827,娄底,娄底市,2,loudi,738,417000,L,112.008497,27.728136
1955,1827,湘西,湘西土家族苗族自治州,2,xiangxi,743,416000,X,109.739735,28.314296
1965,1964,广州,广州市,2,guangzhou,20,510032,G,113.280637,23.125178
1977,1964,韶关,韶关市,2,shaoguan,751,512002,S,113.591544,24.801322
1988,1964,深圳,深圳市,2,shenzhen,755,518035,S,114.085947,22.547
1999,1964,珠海,珠海市,2,zhuhai,756,519000,Z,113.552724,22.255899
2003,1964,汕头,汕头市,2,shantou,754,515041,S,116.708463,23.37102
2011,1964,佛山,佛山市,2,foshan,757,528000,F,113.122717,23.028762
2017,1964,江门,江门市,2,jiangmen,750,529000,J,113.094942,22.590431
2025,1964,湛江,湛江市,2,zhanjiang,759,524047,Z,110.405529,21.195338
2035,1964,茂名,茂名市,2,maoming,668,525000,M,110.919229,21.659751
2041,1964,肇庆,肇庆市,2,zhaoqing,758,526040,Z,112.472529,23.051546
2050,1964,惠州,惠州市,2,huizhou,752,516000,H,114.412599,23.079404
2056,1964,梅州,梅州市,2,meizhou,753,514021,M,116.117582,24.299112
2065,1964,汕尾,汕尾市,2,shanwei,660,516600,S,115.364238,22.774485
2070,1964,河源,河源市,2,heyuan,762,517000,H,114.697802,23.746266
2077,1964,阳江,阳江市,2,yangjiang,662,529500,Y,111.975107,21.859222
2082,1964,清远,清远市,2,qingyuan,763,511500,Q,113.036779,23.704188
2091,1964,东莞,东莞市,2,dongguan,769,523888,D,113.760234,23.048884
2123,1964,中山,中山市,2,zhongshan,760,528403,Z,113.382391,22.521113
2146,1964,潮州,潮州市,2,chaozhou,768,521000,C,116.632301,23.661701
2150,1964,揭阳,揭阳市,2,jieyang,633,522000,J,116.355733,23.543778
2156,1964,云浮,云浮市,2,yunfu,766,527300,Y,112.044439,22.929801
2163,2162,南宁,南宁市,2,nanning,771,530028,N,108.320004,22.82402
2177,2162,柳州,柳州市,2,liuzhou,772,545001,L,109.411703,24.314617
2189,2162,桂林,桂林市,2,guilin,773,541100,G,110.299121,25.274215
2207,2162,梧州,梧州市,2,wuzhou,774,543002,W,111.316229,23.472309
2215,2162,北海,北海市,2,beihai,779,536000,B,109.119254,21.473343
2220,2162,防城港,防城港市,2,fangchenggang,770,538001,F,108.345478,21.614631
2225,2162,钦州,钦州市,2,qinzhou,777,535099,Q,108.624175,21.967127
2230,2162,贵港,贵港市,2,guigang,775,537100,G,109.602146,23.0936
2236,2162,玉林,玉林市,2,yulin,775,537000,Y,110.154393,22.63136
2245,2162,百色,百色市,2,baise,776,533000,B,106.616285,23.897742
2258,2162,贺州,贺州市,2,hezhou,774,542800,H,111.552056,24.414141
2264,2162,河池,河池市,2,hechi,778,547000,H,108.062105,24.695899
2276,2162,来宾,来宾市,2,laibin,772,546100,L,109.229772,23.733766
2283,2162,崇左,崇左市,2,chongzuo,771,532299,C,107.353926,22.404108
2292,2291,海口,海口市,2,haikou,898,570000,H,110.33119,20.031971
2297,2291,三亚,三亚市,2,sanya,898,572000,S,109.508268,18.247872
2302,2291,三沙,三沙市,2,sansha,898,573199,S,112.34882,16.831039
2306,2291, ,直辖县级,2,,,,Z,109.503479,18.739906
2324,2323,重庆,重庆市,2,chongqing,23,400000,Z,106.504962,29.533155
2363,2323,两江新区,两江新区,2,liangjiangxinqu,23,400000,L,106.463344,29.729153
2368,2367,成都,成都市,2,chengdu,28,610015,C,104.065735,30.659462
2388,2367,自贡,自贡市,2,zigong,813,643000,Z,104.773447,29.352765
2395,2367,攀枝花,攀枝花市,2,panzhihua,812,617000,P,101.716007,26.580446
2401,2367,泸州,泸州市,2,luzhou,830,646000,,105.443348,28.889138
2409,2367,德阳,德阳市,2,deyang,838,618000,D,104.398651,31.127991
2416,2367,绵阳,绵阳市,2,mianyang,816,621000,M,104.741722,31.46402
2426,2367,广元,广元市,2,guangyuan,839,628000,G,105.829757,32.433668
2434,2367,遂宁,遂宁市,2,suining,825,629000,S,105.571331,30.513311
2440,2367,内江,内江市,2,neijiang,832,641000,N,105.066138,29.58708
2446,2367,乐山,乐山市,2,leshan,833,614000,L,103.761263,29.582024
2458,2367,南充,南充市,2,nanchong,817,637000,N,106.082974,30.795281
2468,2367,眉山,眉山市,2,meishan,28,620020,M,103.831788,30.048318
2475,2367,宜宾,宜宾市,2,yibin,831,644000,Y,104.630825,28.760189
2486,2367,广安,广安市,2,guang'an,826,638000,G,106.633369,30.456398
2493,2367,达州,达州市,2,dazhou,818,635000,D,107.502262,31.209484
2501,2367,雅安,雅安市,2,ya'an,835,625000,Y,103.001033,29.987722
2510,2367,巴中,巴中市,2,bazhong,827,636000,B,106.753669,31.858809
2516,2367,资阳,资阳市,2,ziyang,28,641300,Z,104.641917,30.122211
2521,2367,阿坝,阿坝藏族羌族自治州,2,aba,837,624000,A,102.221374,31.899792
2535,2367,甘孜,甘孜藏族自治州,2,garze,836,626000,G,101.963815,30.050663
2554,2367,凉山,凉山彝族自治州,2,liangshan,834,615000,L,102.258746,27.886762
2573,2572,贵阳,贵阳市,2,guiyang,851,550001,G,106.713478,26.578343
2584,2572,六盘水,六盘水市,2,liupanshui,858,553400,L,104.846743,26.584643
2589,2572,遵义,遵义市,2,zunyi,852,563000,Z,106.937265,27.706626
2604,2572,安顺,安顺市,2,anshun,853,561000,A,105.932188,26.245544
2611,2572,毕节,毕节市,2,bijie,857,551700,B,105.28501,27.301693
2620,2572,铜仁,铜仁市,2,tongren,856,554300,T,109.191555,27.718346
2631,2572,黔西南,黔西南布依族苗族自治州,2,qianxinan,859,562400,Q,104.897971,25.08812
2640,2572,黔东南,黔东南苗族侗族自治州,2,qiandongnan,855,556000,Q,107.977488,26.583352
2657,2572,黔南,黔南布依族苗族自治州,2,qiannan,854,558000,Q,107.517156,26.258219
2671,2670,昆明,昆明市,2,kunming,871,650500,K,102.712251,25.040609
2686,2670,曲靖,曲靖市,2,qujing,874,655000,Q,103.797851,25.501557
2696,2670,玉溪,玉溪市,2,yuxi,877,653100,Y,102.543907,24.350461
2706,2670,保山,保山市,2,baoshan,875,678000,B,99.167133,25.111802
2712,2670,昭通,昭通市,2,zhaotong,870,657000,Z,103.717216,27.336999
2724,2670,丽江,丽江市,2,lijiang,888,674100,L,100.233026,26.872108
2730,2670,普洱,普洱市,2,pu'er,879,665000,P,100.972344,22.777321
2741,2670,临沧,临沧市,2,lincang,883,677000,L,100.08697,23.886567
2750,2670,楚雄,楚雄彝族自治州,2,chuxiong,878,675000,C,101.546046,25.041988
2761,2670,红河,红河哈尼族彝族自治州,2,honghe,873,661400,H,103.384182,23.366775
2775,2670,文山,文山壮族苗族自治州,2,wenshan,876,663000,W,104.24401,23.36951
2784,2670,西双版纳,西双版纳傣族自治州,2,xishuangbanna,691,666100,X,100.797941,22.001724
2788,2670,大理,大理白族自治州,2,dali,872,671000,D,100.240037,25.592765
2801,2670,德宏,德宏傣族景颇族自治州,2,dehong,692,678400,D,98.578363,24.436694
2807,2670,怒江,怒江傈僳族自治州,2,nujiang,886,673100,N,98.854304,25.850949
2812,2670,迪庆,迪庆藏族自治州,2,deqen,887,674400,D,99.706463,27.826853
2817,2816,拉萨,拉萨市,2,lhasa,891,850000,L,91.132212,29.660361
2826,2816,日喀则,日喀则市,2,rikaze,892,857000,R,88.884874,29.263792
2845,2816,昌都,昌都市,2,qamdo,895,854000,C,97.178452,31.136875
2857,2816,山南,山南地区,2,shannan,893,856000,S,91.766529,29.236023
2870,2816,那曲,那曲地区,2,nagqu,896,852000,N,92.060214,31.476004
2882,2816,阿里,阿里地区,2,ngari,897,859000,A,80.105498,32.503187
2890,2816,林芝,林芝地区,2,nyingchi,894,850400,L,94.362348,29.654693
2899,2898,西安,西安市,2,xi'an,29,710003,X,108.948024,34.263161
2913,2898,铜川,铜川市,2,tongchuan,919,727100,T,108.963122,34.90892
2918,2898,宝鸡,宝鸡市,2,baoji,917,721000,B,107.14487,34.369315
2931,2898,咸阳,咸阳市,2,xianyang,29,712000,X,108.705117,34.333439
2946,2898,渭南,渭南市,2,weinan,913,714000,W,109.502882,34.499381
2958,2898,延安,延安市,2,yan'an,911,716000,Y,109.49081,36.596537
2972,2898,汉中,汉中市,2,hanzhong,916,723000,H,107.028621,33.077668
2984,2898,榆林,榆林市,2,yulin,912,719000,Y,109.741193,38.290162
2997,2898,安康,安康市,2,ankang,915,725000,A,109.029273,32.6903
3008,2898,商洛,商洛市,2,shangluo,914,726000,S,109.939776,33.868319
3016,2898,西咸,西咸新区,2,xixian,29,712000,X,108.810654,34.307144
3023,3022,兰州,兰州市,2,lanzhou,931,730030,L,103.823557,36.058039
3032,3022,嘉峪关,嘉峪关市,2,jiayuguan,937,735100,J,98.277304,39.786529
3036,3022,金昌,金昌市,2,jinchang,935,737100,J,102.187888,38.514238
3039,3022,白银,白银市,2,baiyin,943,730900,B,104.173606,36.54568
3045,3022,天水,天水市,2,tianshui,938,741000,T,105.724998,34.578529
3053,3022,武威,武威市,2,wuwei,935,733000,W,102.634697,37.929996
3058,3022,张掖,张掖市,2,zhangye,936,734000,Z,100.455472,38.932897
3065,3022,平凉,平凉市,2,pingliang,933,744000,P,106.684691,35.54279
3073,3022,酒泉,酒泉市,2,jiuquan,937,735000,J,98.510795,39.744023
3081,3022,庆阳,庆阳市,2,qingyang,934,745000,Q,107.638372,35.734218
3090,3022,定西,定西市,2,dingxi,932,743000,D,104.626294,35.579578
3098,3022,陇南,陇南市,2,longnan,939,746000,L,104.929379,33.388598
3108,3022,临夏,临夏回族自治州,2,linxia,930,731100,L,103.212006,35.599446
3117,3022,甘南,甘南藏族自治州,2,gannan,941,747000,G,102.911008,34.986354
3127,3126,西宁,西宁市,2,xining,971,810000,X,101.778916,36.623178
3135,3126,海东,海东市,2,haidong,972,810700,H,102.10327,36.502916
3142,3126,海北,海北藏族自治州,2,haibei,970,812200,H,100.901059,36.959435
3147,3126,黄南,黄南藏族自治州,2,huangnan,973,811300,H,102.019988,35.517744
3152,3126,海南,海南藏族自治州,2,hainan,974,813000,H,100.619542,36.280353
3158,3126,果洛,果洛藏族自治州,2,golog,975,814000,G,100.242143,34.4736
3165,3126,玉树,玉树藏族自治州,2,yushu,976,815000,Y,97.008522,33.004049
3172,3126,海西,海西蒙古族藏族自治州,2,haixi,977,817000,H,97.370785,37.374663
3179,3178,银川,银川市,2,yinchuan,951,750004,Y,106.278179,38.46637
3186,3178,石嘴山,石嘴山市,2,shizuishan,952,753000,S,106.376173,39.01333
3190,3178,吴忠,吴忠市,2,wuzhong,953,751100,W,106.199409,37.986165
3196,3178,固原,固原市,2,guyuan,954,756000,G,106.285241,36.004561
3202,3178,中卫,中卫市,2,zhongwei,955,751700,Z,105.189568,37.514951
3207,3206,乌鲁木齐,乌鲁木齐市,2,urumqi,991,830002,W,87.617733,43.792818
3216,3206,克拉玛依,克拉玛依市,2,karamay,990,834000,K,84.873946,45.595886
3221,3206,吐鲁番,吐鲁番地区,2,turpan,995,838000,T,89.184078,42.947613
3225,3206,哈密,哈密地区,2,hami,902,839000,H,93.51316,42.833248
3229,3206,昌吉,昌吉回族自治州,2,changji,994,831100,C,87.304012,44.014577
3237,3206,博尔塔拉,博尔塔拉蒙古自治州,2,bortala,909,833400,B,82.074778,44.903258
3242,3206,巴音郭楞,巴音郭楞蒙古自治州,2,bayingol,996,841000,B,86.150969,41.768552
3252,3206,阿克苏,阿克苏地区,2,aksu,997,843000,A,80.265068,41.170712
3262,3206,克孜勒苏,克孜勒苏柯尔克孜自治州,2,kizilsu,908,845350,K,76.172825,39.713431
3267,3206,喀什,喀什地区,2,kashgar,998,844000,K,75.989138,39.467664
3280,3206,和田,和田地区,2,hotan,903,848000,H,79.92533,37.110687
3289,3206,伊犁,伊犁哈萨克自治州,2,ili,999,835100,Y,81.317946,43.92186
3301,3206,塔城,塔城地区,2,qoqek,901,834700,T,82.985732,46.746301
3309,3206,阿勒泰,阿勒泰地区,2,altay,906,836500,A,88.13963,47.848393
3317,3206, ,直辖县级,2,,,,Z,91.132212,29.660361
3326,3325,台北,台北市,2,taipei,2,1,T,121.56517,25.037798
3339,3325,高雄,高雄市,2,kaohsiung,7,8,G,120.311922,22.620856
3378,3325,基隆,基隆市,2,keelung,2,2,J,121.746248,25.130741
3386,3325,台中,台中市,2,taichung,4,4,T,120.67904,24.13862
3416,3325,台南,台南市,2,tainan,6,7,T,120.279363,23.172478
3454,3325,新竹,新竹市,2,hsinchu,3,3,X,120.968798,24.806738
3458,3325,嘉义,嘉义市,2,chiayi,5,6,J,120.452538,23.481568
3461,3325,新北,新北市,2,newtaipei,2,2,X,121.465746,25.012366
3491,3325,宜兰,宜兰县,2,yilan,3,2,Y,121.5,24.6
3504,3325,桃园,桃园县,2,taoyuan,3,3,T,121.083,25
3518,3325,新竹,新竹县,2,hsinchu,3,3,X,121.16,24.6
3532,3325,苗栗,苗栗县,2,miaoli,37,3,M,120.75,24.5
3551,3325,彰化,彰化县,2,changhua,4,5,Z,120.416,24
3578,3325,南投,南投县,2,nantou,49,5,N,120.83,23.83
3592,3325,云林,云林县,2,yunlin,5,6,Y,120.25,23.75
3613,3325,嘉义,嘉义县,2,chiayi,5,6,J,120.3,23.5
3632,3325,屏东,屏东县,2,pingtung,8,9,P,120.487928,22.682802
3666,3325,台东,台东县,2,taitung,89,9,T,120.916,23
3683,3325,花莲,花莲县,2,hualien,3,9,H,121.3,23.83
3697,3325,澎湖,澎湖县,2,penghu,6,8,P,119.566417,23.569733
3704,3325,金门,金门县,2,jinmen,82,8,J,118.317089,24.432706
3711,3325,连江,连江县,2,lienchiang,836,2,L,119.539704,26.197364
3717,3716,香港岛,香港岛,2,hongkongisland,852,999077,X,114.177314,22.266416
3722,3716,九龙,九龙,2,kowloon,852,999077,J,114.17495,22.327115
3728,3716,新界,新界,2,newterritories,852,999077,X,114.202408,22.341766
3739,3738,澳门半岛,澳门半岛,2,macaupeninsula,853,999078,A,113.549134,22.198751
3745,3738,氹仔岛,氹仔岛,2,taipa,853,999078,,113.577669,22.156838
3747,3738,路环岛,路环岛,2,coloane,853,999078,L,113.564857,22.116226
